{"_timestamp":1.7646197489821286e+09,"_step":199,"success_rate":0.54,"_runtime":131941,"avg_episode_reward":2.7919999999999994,"_wandb":{"runtime":131941},"epoch":200,"policy_loss":1.1811176538467407,"value_loss":30.401857376098633,"current_complexity":3}