{"value_loss":40.284067153930664,"num_samples":278,"_step":499,"policy_loss":1.4789239168167114,"total_loss":21.620957493782043,"_timestamp":1.7642849020167153e+09,"avg_episode_reward":5.2124999999999995,"epoch":500,"_wandb":{"runtime":315968},"success_rate":0.703125,"current_complexity":6,"avg_complexity":6,"avg_episode_length":4.34375,"_runtime":315968,"window_avg_success":0.684375}